Open,High,Low,Close,Volume
27.61,27.93,27.2,27.63,2695901
27.57,27.92,27.37,27.79,2476714
27.74,28.02,27.53,27.87,2629445
27.75,28.17,27.7,27.98,2413417
27.78,28.17,27.76,28.04,3733203
28.13,28.34,27.81,27.98,2558192
27.79,27.85,27.22,27.74,2836602
27.81,28.22,27.72,28.13,2481536
28.06,29.88,27.97,29.69,6727791
29.68,29.68,29.04,29.3,4588823
29.41,29.53,29.14,29.5,2460611
29.32,29.38,28.67,28.79,3349983
28.93,29.37,28.12,28.13,4130326
28.12,28.25,27.4,27.45,3132539
27.73,27.89,27.32,27.51,1868251
27.39,27.74,27.12,27.14,3848849
27.12,27.22,26.3,26.88,3666966
27.05,27.23,26.32,26.67,2684197
26.78,27.13,26.14,26.23,4771811
26.39,26.63,26.34,26.56,2628806
26.69,27.0,26.59,26.8,3690721
26.69,26.71,26.38,26.51,3794452
26.7,27.2,25.74,25.74,6065720
25.78,26.22,25.63,26.2,7432044
26.23,26.44,25.83,25.95,3008148
26.37,26.45,25.99,26.12,4293118
26.28,26.78,26.23,26.4,5498726
26.39,26.75,25.92,26.66,4958441
26.81,26.99,26.26,26.84,4123676
27.13,27.27,26.7,27.12,5576102
27.07,27.32,26.93,27.09,4329673
26.82,27.1,26.75,27.05,2902910
26.87,27.33,26.86,27.26,3079321
27.27,27.5,27.16,27.36,4153711
27.32,27.42,26.82,27.07,3133796
27.2,27.28,26.97,27.26,2964160
27.02,27.03,26.64,27.0,3571704
27.0,27.24,26.72,27.11,2708511
27.23,27.49,27.06,27.22,2554729
27.46,27.5,26.81,26.87,3912148
27.01,27.06,26.52,26.72,4174598
26.7,27.02,26.57,26.99,3823410
27.1,28.02,27.04,27.87,5562989
27.96,27.96,27.57,27.9,2816878
27.85,28.34,27.49,28.1,4816314
28.08,28.19,27.69,28.1,3416442
27.94,28.35,27.75,28.33,3674357
28.39,28.8,28.28,28.7,4614432
28.66,28.69,28.24,28.62,2472253
28.62,28.8,28.42,28.8,2871472
28.76,28.89,28.5,28.72,2863778
28.76,28.88,28.48,28.74,2727409
29.12,29.46,28.94,29.06,3619953
28.71,29.75,28.71,29.55,3927549
29.62,29.85,29.43,29.75,4707840
29.61,29.77,29.41,29.67,3825804
30.35,30.83,30.1,30.15,17339214
30.28,31.24,30.2,31.09,8003676
31.14,31.46,31.03,31.28,5516087
31.28,31.98,31.22,31.78,5630453
31.61,31.92,31.45,31.52,3924749
32.1,32.76,32.1,32.44,3615945
32.23,32.8,32.18,32.7,3394820
32.71,32.91,32.13,32.35,11143775
32.29,32.97,32.05,32.86,10011007
32.93,33.1,32.58,33.1,3175655
33.09,33.27,32.72,32.98,2878733
32.97,33.51,32.82,33.36,3668270
33.54,33.96,33.39,33.91,3607631
33.77,34.37,33.74,34.03,4198851
33.9,34.2,33.5,33.88,6908856
33.66,34.04,33.2,33.88,4555079
34.06,34.43,33.91,34.18,5209731
34.16,34.72,34.07,34.67,5137605
34.75,37.03,34.39,36.82,10503392
36.99,37.59,36.61,37.57,7110645
37.48,38.08,37.37,37.38,6470913
37.25,37.36,36.0,36.05,9016347
36.21,36.33,35.31,35.89,6851158
36.36,38.15,36.3,37.67,5911156
37.74,37.77,36.68,36.76,5093069
37.02,37.72,36.84,37.68,2999229
37.19,37.19,36.0,36.16,4517306
35.66,36.29,34.95,35.26,4825635
35.12,35.88,32.05,34.3,7057102
34.03,34.33,32.47,33.34,6968221
34.99,35.99,34.96,35.8,5763763
35.06,36.14,34.64,35.6,4226243
35.68,36.73,35.6,36.71,3442790
36.57,37.12,35.9,36.03,3706121
35.73,35.76,34.24,34.61,4399563
34.68,35.31,33.93,34.93,4611460
35.37,35.89,34.17,34.3,3803040
34.06,34.51,32.65,33.69,5396612
32.68,33.33,32.19,32.24,7951957
31.6,33.04,31.28,32.94,5556051
32.62,33.15,32.24,32.27,3243116
31.23,32.34,30.88,32.25,9030213
32.67,33.36,32.16,32.28,5448874
33.01,34.04,32.84,34.02,2997986
34.0,34.23,33.07,33.45,3302808
32.99,33.62,32.8,32.88,3635417
32.93,33.5,32.45,33.5,3861288
33.57,34.46,33.53,34.37,4738978
33.27,33.48,31.86,32.18,5047972
32.22,32.53,31.02,31.09,5439539
31.07,32.23,30.44,32.14,6453535
32.34,33.67,32.28,32.51,5977171
32.74,33.6,32.73,33.41,4502050
32.92,33.34,32.59,33.32,2708759
33.59,34.52,33.51,33.97,5762440
34.39,35.2,34.21,35.15,4266722
34.88,35.62,34.88,35.32,5008743
35.32,35.46,34.73,35.24,4827403
35.38,35.83,35.09,35.3,5054535
35.89,36.39,34.95,35.25,4289165
35.13,35.38,33.92,34.07,5077594
34.11,34.34,33.28,33.72,4610210
33.61,33.91,32.54,32.66,5308523
32.68,32.86,31.86,32.71,10441570
32.91,33.15,32.18,32.22,3078631
31.51,31.74,30.43,30.64,5303561
30.64,31.23,29.88,29.94,4727954
29.91,30.35,29.1,30.12,6560171
30.33,30.54,29.33,29.55,4101917
29.97,30.34,28.94,29.25,4693911
29.28,30.77,29.28,30.75,4344299
31.09,31.14,30.19,30.68,4516993
30.75,31.3,30.68,31.14,2644224
30.56,31.34,30.56,30.97,4794663
31.34,32.22,31.31,31.87,4599106
31.79,32.42,31.58,32.16,6579765
32.03,32.19,31.08,31.66,7148463
31.4,31.6,30.22,30.31,5568447
30.43,30.96,30.05,30.94,4773630
30.31,31.62,30.31,31.55,4076433
31.77,31.77,30.52,30.76,3744214
31.22,32.27,31.22,32.04,3759480
32.03,33.15,31.72,33.14,4705641
33.2,34.06,32.91,33.87,4250194
34.0,34.0,33.24,33.58,4075092
33.61,34.13,33.35,33.67,3928766
33.86,34.2,33.35,33.76,3903763
33.26,34.03,33.06,33.91,4305926
34.54,35.41,34.33,35.32,4656654
35.27,35.46,34.48,34.95,4831996
35.12,35.72,34.87,35.64,3008312
35.26,35.7,35.13,35.35,2732307
34.94,35.19,34.39,35.18,3140602
35.39,35.7,35.25,35.64,1800348
35.0,35.18,34.45,34.83,3060000
34.1,34.13,33.35,33.56,3311211
32.9,33.93,32.79,33.61,3806980
33.4,33.93,33.28,33.48,2623684
33.16,33.9,33.05,33.79,2285519
34.17,35.19,33.96,34.68,3362397
34.6,35.07,34.2,34.7,2515225
34.48,34.64,33.19,33.57,3680040
33.28,33.65,32.78,33.57,3145277
33.84,33.88,33.08,33.14,1984577
32.53,32.62,31.64,32.01,4512691
31.84,32.28,31.46,32.16,4261308
32.26,33.0,31.79,31.92,3665950
32.11,32.94,31.25,32.7,4720172
32.65,32.65,31.66,31.66,2449538
31.53,32.32,31.33,32.02,3958459
32.51,33.65,32.39,33.6,3694144
33.49,34.76,33.49,34.71,3879364
35.12,35.58,34.83,35.35,3268917
35.07,35.15,34.65,34.78,2962023
34.74,35.41,34.74,35.27,2949040
35.75,36.02,35.36,35.51,2970720
35.59,35.99,35.36,35.51,2377197
35.93,36.25,35.78,36.18,2759698
36.06,36.69,35.77,36.2,3969852
35.97,36.07,35.58,35.94,3222476
35.76,35.96,35.26,35.3,3939272
35.43,36.01,35.21,35.62,7707650
35.8,36.72,35.7,36.4,3611737
36.4,36.54,35.9,36.06,3793148
36.0,36.29,35.2,35.25,4822082
34.88,35.34,34.51,34.58,3164408
35.28,36.41,35.23,36.22,4077945
36.29,36.29,35.84,35.92,2930922
35.98,36.41,35.11,36.31,3627903
36.13,36.31,35.69,35.87,2170832
36.09,36.66,35.5,35.83,2759912
36.15,36.33,35.71,36.28,3074668
36.12,36.7,35.98,36.7,4400105
36.93,37.87,36.81,37.81,5751950
37.9,37.91,37.22,37.86,6171209
36.14,37.02,35.13,35.67,12500548
35.7,36.4,35.62,36.17,5386379
36.14,36.21,35.4,35.67,3244909
35.43,35.94,35.12,35.76,3352269
36.13,36.2,35.68,36.0,5659576
35.86,36.22,35.63,35.93,5191913
36.23,36.25,35.45,35.6,5530607
35.59,35.71,35.27,35.49,3172512
35.12,35.68,34.8,35.03,3796552
35.13,36.5,35.08,36.03,4092721
36.14,36.6,35.84,36.23,4581116
36.54,37.61,36.3,37.29,3605625
37.53,38.06,37.41,37.57,2790559
37.92,38.24,37.7,37.77,3775715
37.44,37.75,37.26,37.71,3662855
38.05,38.06,36.96,37.52,3836325
37.31,37.7,36.6,37.05,7193743
37.36,37.76,37.15,37.43,4245555
37.76,37.95,37.34,37.94,3317817
38.03,38.1,37.42,38.02,3570841
38.12,39.55,38.12,39.15,5729906
39.18,40.0,38.95,39.55,5359908
39.42,39.59,38.96,39.47,2986100
39.38,39.58,38.27,38.55,4063065
38.47,39.33,38.28,39.19,2835028
38.75,39.46,38.26,39.13,2737784
38.78,39.53,38.3,38.54,3035964
38.77,38.97,38.26,38.3,2125793
37.99,38.26,37.38,37.59,3525875
37.56,38.04,37.1,37.79,2303919
38.35,39.09,38.35,38.72,2614340
38.62,39.06,38.38,39.01,2667511
38.74,39.19,38.37,39.15,2136253
38.51,38.75,38.22,38.6,1608142
38.95,39.82,38.94,39.69,2119781
39.38,39.58,39.12,39.39,641579
39.07,39.26,38.44,39.14,2207899
38.74,39.45,38.64,39.21,2922466
39.99,40.22,39.61,40.22,4329888
40.22,40.71,40.01,40.52,3016273
40.31,41.0,40.22,40.99,2185296
40.77,41.14,40.59,41.0,2290295
41.42,41.5,40.79,40.89,2596689
40.89,41.34,40.56,41.32,2406485
41.55,41.9,41.43,41.71,2209954
41.79,42.23,41.72,41.96,2198082
42.03,42.19,41.69,41.77,2408895
41.72,41.86,41.44,41.58,1903980
41.52,41.93,40.87,40.91,2252759
41.07,41.47,40.74,41.26,3020161
41.28,41.7,41.09,41.65,2822777
41.8,42.68,41.64,42.54,2786417
42.54,42.64,42.1,42.38,2346306
42.33,42.55,42.0,42.2,1575638
42.21,42.34,41.95,42.09,1098361
41.97,41.97,41.51,41.78,1214096
41.81,41.91,41.47,41.83,1398071
41.87,42.16,41.75,41.75,1133489
41.69,41.73,41.36,41.46,1616147
41.42,41.87,41.28,41.54,1692799
41.9,42.14,41.72,41.99,2617458
42.02,42.16,40.87,41.16,3107600
40.93,41.68,40.82,41.57,2075153
41.59,41.73,40.67,40.87,2401829
40.94,41.56,40.33,40.81,2980684
40.6,40.74,40.11,40.53,2108780
40.83,41.18,40.46,40.74,1975259
41.16,41.24,40.62,40.82,1998462
40.74,41.24,40.74,41.13,2823982
40.96,41.93,40.96,41.89,1698913
41.86,42.09,41.3,41.41,1948069
41.38,41.45,40.59,40.85,2087254
40.66,40.72,39.96,40.14,3730336
40.49,40.75,39.6,39.81,3443097
39.74,40.27,39.45,40.26,2679779
40.1,40.24,39.4,39.87,2828719
40.02,40.41,39.54,39.65,4508634
39.81,40.34,39.55,40.2,2512152
39.9,40.36,38.54,38.6,2955571
38.69,39.63,38.64,39.49,3282507
39.56,40.46,39.56,40.37,2684424
40.12,40.43,40.02,40.19,3006431
40.29,40.87,39.72,40.03,4038158
40.15,40.19,39.62,40.0,2702466
40.15,40.37,39.76,39.96,3537335
40.04,40.06,39.24,39.75,5216377
39.66,40.35,39.49,39.7,3542709
39.49,40.05,39.35,40.0,2115352
39.71,41.26,39.57,41.22,2622022
41.08,41.5,40.66,41.0,3357939
42.51,42.78,41.34,41.46,6149430
41.04,41.92,41.03,41.4,3564092
41.13,41.22,40.46,40.96,2667538
40.96,41.2,40.68,40.92,2417960
40.28,40.37,38.83,39.03,5264921
38.95,39.37,37.82,38.3,4731608
38.27,38.51,37.82,38.47,3581173
38.63,39.39,38.5,39.31,2574963
39.44,39.44,39.03,39.21,3525911
39.32,39.37,37.72,37.94,4958329
37.85,38.39,37.48,38.03,3794941
38.4,38.8,38.33,38.73,3230442
38.65,38.74,37.67,38.0,3847663
38.26,38.35,37.64,37.95,3364831
38.1,39.1,37.85,38.96,3155695
38.76,39.29,38.5,39.21,2396169
38.53,38.91,38.4,38.49,2305803
38.25,38.53,37.96,38.15,3165971
37.78,38.1,37.55,37.93,3327127
36.73,37.65,36.46,37.44,4704308
37.25,37.64,36.67,36.98,4916169
37.73,37.73,36.95,37.13,2914998
37.76,38.08,37.5,37.97,3828019
38.57,38.72,38.16,38.62,2213226
38.54,38.54,36.88,36.98,4367303
36.77,37.26,36.24,37.17,3208924
37.41,37.59,36.93,37.2,3067231
37.27,37.84,37.19,37.66,2784133
36.75,37.41,34.95,35.3,17018903
35.67,35.95,35.45,35.75,6769212
36.32,36.44,35.8,35.83,4764248
35.81,35.95,35.35,35.58,3476162
35.8,36.08,35.26,35.41,5215315
35.48,35.51,35.09,35.24,3962690
34.88,35.37,34.81,35.13,4223527
35.26,35.54,35.02,35.51,3508445
35.38,35.52,34.98,35.04,3990844
35.07,35.17,34.33,34.57,3969555
34.57,34.73,34.06,34.18,3482296
33.88,34.6,33.87,34.33,3676831
34.46,34.59,34.1,34.19,3447870
33.96,34.2,33.89,34.06,2814334
34.27,34.3,33.81,34.1,4126635
33.59,34.95,33.55,34.88,6669568
34.86,35.39,34.69,34.92,4631979
35.44,35.65,35.16,35.28,5376264
35.15,36.58,35.13,35.87,6833674
36.38,36.4,35.33,35.46,4801416
35.51,35.74,35.13,35.28,3861235
35.48,35.65,35.07,35.19,4179197
35.11,35.62,35.11,35.47,3432059
35.44,35.48,35.11,35.3,2660875
35.5,35.64,35.39,35.5,3377085
35.46,35.65,35.1,35.32,3268813
35.34,35.5,34.87,35.07,2796317
34.76,36.0,34.66,35.51,3621598
35.94,36.96,35.76,36.29,5803241
36.24,36.62,36.14,36.35,3755283
36.53,37.26,36.47,37.16,3582010
36.97,37.1,36.17,36.33,6514691
36.13,36.72,35.98,36.57,3682801
36.64,36.7,36.2,36.5,3450071
36.27,36.47,35.76,35.82,3653904
35.67,36.0,35.51,35.87,3480241
35.85,36.62,35.74,36.57,3499236
36.64,37.22,36.54,37.15,3826813
37.13,37.52,37.03,37.16,3560641
36.57,36.68,36.27,36.3,3219798
36.45,36.89,36.4,36.52,3080636
36.34,37.0,36.32,36.71,3398651
36.78,37.97,36.78,37.81,4128792
38.0,38.52,37.67,37.86,4058313
38.15,38.21,37.48,37.81,3236343
37.68,37.68,36.83,36.85,4076076
36.8,37.28,36.6,37.06,3135600
36.54,36.78,36.1,36.25,3391324
36.2,36.99,36.06,36.18,4862591
36.31,36.47,35.51,35.54,4904081
35.39,35.41,34.55,34.78,5941770
34.86,34.91,34.38,34.6,4021610
34.49,34.57,33.77,33.84,4182424
33.97,34.09,33.45,33.77,4028144
34.14,34.69,34.04,34.62,4148765
34.21,34.45,33.48,33.48,4199008
33.43,33.62,32.95,33.35,3676538
33.63,33.8,32.92,33.15,4086872
32.98,33.48,32.98,33.12,2866682
33.42,34.35,33.26,34.31,3971555
34.14,34.83,34.05,34.37,3152541
33.86,34.27,33.47,34.24,3939720
34.25,34.28,33.78,33.96,2225031
33.87,34.19,33.46,34.08,2221277
34.25,35.59,34.21,35.57,3952340
35.67,36.0,35.08,35.21,4691136
35.42,35.62,35.22,35.49,3623606
35.61,36.89,35.49,36.82,3490369
36.75,36.94,36.1,36.64,3651544
36.64,36.74,36.47,36.62,3044710
36.99,37.8,36.98,37.55,3724447
36.92,37.18,36.6,37.17,2901823
36.58,36.8,36.3,36.47,3873237
36.4,37.32,36.34,36.82,5483865
37.63,37.9,37.08,37.14,6840443
35.85,36.1,33.95,34.69,20352461
34.64,34.94,34.26,34.94,9360310
34.7,34.82,34.18,34.24,6643901
34.48,34.6,34.32,34.35,6676638
34.54,34.62,34.19,34.25,5009169
34.5,35.09,34.41,34.85,3789113
34.84,35.3,34.77,35.11,2405934
34.8,34.92,34.59,34.78,2841344
34.71,34.74,34.2,34.26,5279238
34.32,34.39,33.29,33.38,7384912
33.45,33.57,32.68,32.72,5656439
32.32,32.58,31.1,32.5,8188471
32.89,32.93,31.93,32.02,6141727
31.71,31.9,30.44,30.46,6693151
30.25,31.3,29.76,31.13,14517410
30.58,30.62,29.26,29.33,11723213
29.96,30.41,28.8,29.5,14854311
28.36,28.61,27.4,27.51,17855732
28.33,28.43,26.75,28.29,14866392
27.53,27.96,26.7,26.82,11092139
27.03,28.51,26.87,28.13,6315879
28.18,28.61,27.8,28.22,4925745
28.48,28.82,28.11,28.82,3545475
28.43,28.79,28.16,28.56,5283802
28.76,29.1,28.57,28.94,7167151
27.91,28.13,26.51,26.79,8264887
26.3,27.15,26.12,26.24,5959511
26.9,27.04,26.0,26.11,5715798
26.23,27.24,26.13,27.22,7490425
27.1,28.46,26.97,28.44,5233979
28.61,28.74,27.21,27.28,4220097
26.99,27.94,26.52,27.52,4433614
28.01,29.08,27.91,29.08,3543838
28.91,29.31,28.48,29.07,3908153
29.37,29.87,29.02,29.28,3761589
29.33,29.72,28.57,28.75,4054447
28.02,28.19,27.23,27.28,3520879
26.51,26.6,25.93,26.56,5864068
27.07,27.7,26.77,27.65,3245274
27.37,27.44,26.69,26.81,2864495
26.42,26.57,25.92,26.08,5548142
25.65,26.2,25.49,26.04,5806106
26.17,27.55,25.9,27.25,6177700
27.39,28.76,27.34,28.29,6596752
28.67,29.0,28.43,28.82,5031261
28.99,29.24,28.68,29.2,4018255
28.55,28.92,28.18,28.74,3177412
28.98,29.38,28.61,28.61,3492172
28.7,29.17,27.77,27.77,3844395
26.72,27.15,26.1,26.8,6428749
26.58,27.81,26.53,27.17,6045623
27.48,27.79,26.64,27.69,4718259
28.45,28.95,28.25,28.44,5198437
28.58,28.64,27.75,27.8,4077685
28.46,29.11,28.17,28.7,7118567
28.16,28.25,27.24,27.24,6034172
26.99,27.96,25.88,26.18,7230989
25.73,27.15,25.56,27.1,6651420
27.11,28.25,26.71,28.18,5796568
28.4,29.0,27.65,28.78,7491858
28.95,29.04,27.83,28.17,5054283
28.77,29.97,28.65,29.62,4909079
29.38,29.52,29.06,29.27,4763537
29.45,30.89,29.42,30.23,5366209
29.86,30.28,29.46,30.15,3788852
30.52,30.7,29.91,30.65,2499759
30.18,30.49,29.26,29.35,2803947
29.27,30.82,29.1,30.5,3350509
30.43,30.46,29.71,29.81,4030247
29.82,30.33,29.46,30.14,3603921
30.69,31.26,30.49,30.96,3915060
31.01,31.99,30.93,31.85,4513081
31.57,32.0,30.87,31.11,3287247
31.6,31.98,30.71,31.73,5793888
32.66,33.57,32.48,33.3,4968634
33.22,33.4,32.49,32.78,4411876
32.38,32.51,31.45,31.5,5645495
30.61,31.2,30.18,30.63,4764907
31.2,32.16,30.96,31.48,4706685
31.92,32.29,30.76,32.2,4840642
31.92,32.2,31.34,31.61,3419474
31.5,31.9,31.13,31.83,2978628
32.0,32.0,30.88,31.66,2935042
30.75,31.05,30.15,30.23,4462353
30.67,30.97,29.97,30.27,5586630
30.79,31.75,30.77,31.62,2464368
31.33,31.6,30.91,31.17,2410788
30.97,31.63,30.85,31.22,2748321
30.85,31.37,30.54,30.6,3600987
30.5,30.94,30.25,30.5,3298348
30.78,31.05,30.51,30.92,3850145
30.29,30.49,29.9,30.22,3740420
28.71,29.4,28.46,28.87,5145508
28.46,28.57,27.94,27.98,3158331
27.73,28.47,27.53,27.92,1588594
28.81,29.37,28.57,29.28,3829092
29.32,29.73,29.2,29.29,2858946
30.39,30.68,30.07,30.62,3478773
30.6,30.92,30.48,30.58,2415627
30.96,31.31,30.76,30.92,3412984
31.41,31.76,31.07,31.32,3801023
31.39,31.39,30.98,30.98,3011432
30.95,30.95,30.13,30.5,4855798
30.29,30.46,29.36,29.43,4997967
29.64,30.18,29.59,29.92,3693656
29.6,29.72,29.23,29.66,2869356
29.77,29.91,28.69,28.84,4662138
28.66,28.74,28.25,28.29,4074929
28.73,28.73,28.24,28.3,3612452
28.65,28.95,28.5,28.56,4762332
28.75,28.92,27.92,27.99,3546158
28.57,28.89,28.5,28.63,4529965
28.5,29.05,28.35,28.99,3452831
29.01,29.58,29.01,29.44,2057632
29.55,29.83,29.55,29.71,2753892
29.73,30.18,29.67,30.01,2332426
29.92,29.96,29.05,29.15,3114911
29.21,29.4,29.02,29.27,1929860
29.19,29.44,29.13,29.17,1346717
29.88,30.28,29.82,30.0,3290474
29.93,30.57,29.73,30.47,5360739
30.2,31.6,30.03,31.47,7517738
31.39,31.98,31.19,31.74,5495148
31.78,32.5,31.7,32.17,5305981
33.0,33.28,32.42,32.7,6334852
33.11,33.24,32.79,33.02,3041782
33.17,33.95,32.96,33.85,4931945
33.34,33.66,33.04,33.53,3525959
33.87,34.07,33.4,33.63,5470771
33.62,34.1,33.55,33.94,5251525
34.03,34.95,34.01,34.66,5047443
34.67,34.87,34.42,34.84,3112798
34.83,34.91,34.29,34.84,2236829
34.51,35.01,34.4,34.94,2345066
34.9,35.34,34.65,35.16,4070677
35.29,35.5,34.58,34.63,3640522
34.54,34.94,34.28,34.57,2724318
34.18,34.76,33.93,34.65,2888206
34.71,34.72,34.2,34.45,2903882
34.69,35.29,34.69,35.13,3719299
34.57,35.33,34.37,35.17,4928184
35.56,36.34,35.44,36.13,4055217
35.89,36.23,35.79,36.15,2107093
35.89,36.39,35.65,36.17,3213407
36.12,36.37,36.03,36.22,2749513
36.31,36.33,35.78,36.05,2295751
35.7,35.87,35.22,35.72,2753718
36.12,36.15,35.45,35.94,2765695
35.67,35.75,34.86,35.13,6386661
35.22,35.33,34.51,34.73,5984896
34.38,35.8,34.21,34.82,6667228
35.03,35.34,34.75,34.93,3146763
34.4,35.14,34.2,34.32,4524640
34.21,34.69,34.21,34.44,4438139
34.37,34.53,34.02,34.3,3975163
34.91,35.02,34.68,34.73,4187905
34.43,35.12,34.32,34.9,3392536
34.89,35.53,34.76,35.41,4298160
35.5,35.79,35.13,35.28,4138783
35.47,35.87,35.4,35.75,2832544
35.79,36.15,35.58,35.75,2817260
35.77,36.15,35.66,36.07,2770930
35.7,35.91,35.51,35.78,4517916
35.87,36.05,35.72,35.9,4195268
36.41,37.16,36.39,36.74,5444696
36.72,37.82,36.67,37.54,5830425
37.5,37.83,37.34,37.48,3504359
37.76,38.36,37.73,38.36,3979426
38.3,38.63,38.1,38.39,4159518
38.39,38.61,38.08,38.38,2269162
38.35,38.53,38.06,38.14,3448777
38.12,38.28,37.66,38.08,3989114
37.82,38.01,37.54,37.64,3414211
37.61,38.14,37.54,37.88,2507342
37.69,37.97,37.41,37.71,2058372
37.74,37.81,37.24,37.72,2099157
38.09,38.63,38.09,38.62,2917221
38.72,38.83,38.31,38.55,3751571
38.47,38.52,37.77,38.05,3108936
37.78,37.97,37.28,37.64,2531860
37.86,38.13,37.73,37.85,2902021
37.87,38.16,37.51,38.04,3121235
37.93,38.32,37.86,38.32,3119576
37.87,37.91,37.44,37.66,2871171
37.43,37.91,37.4,37.78,3660247
37.08,37.74,36.92,37.49,3015230
37.4,37.55,36.44,36.47,4653951
36.85,37.46,36.6,37.34,2483894
37.44,37.66,37.22,37.57,2678134
37.48,37.54,37.17,37.31,2377898
37.61,37.64,37.09,37.31,3025734
37.83,38.06,37.36,37.91,2666521
37.74,38.18,37.66,37.83,2484543
38.79,39.89,38.79,39.45,6224381
39.69,39.69,38.79,38.9,6021215
38.55,38.65,37.95,38.51,3506881
38.55,38.71,38.19,38.4,2910364
38.75,39.02,38.55,39.02,3001879
39.21,39.86,39.06,39.77,3790423
39.8,39.87,39.42,39.53,3241350
39.28,39.39,38.83,39.09,2195789
39.21,39.9,39.02,39.65,3007792
39.46,40.32,39.16,39.99,5474323
39.96,40.45,39.81,40.09,4310306
39.75,39.92,39.22,39.28,3147419
39.14,39.54,38.82,39.29,3089969
39.05,39.16,37.97,38.82,3683472
38.36,39.43,38.11,39.18,3807897
39.62,39.85,38.94,39.24,2587941
39.04,39.65,38.71,39.34,2533552
38.89,39.1,38.5,38.69,2754492
38.53,39.46,38.51,39.04,3569635
39.18,39.4,38.57,38.57,3205047
38.65,38.71,36.96,37.02,4081122
37.21,37.73,36.62,36.83,4519178
36.89,38.06,36.87,38.01,2356542
38.04,38.56,37.7,37.88,3337599
37.63,38.28,37.29,38.11,3547564
38.27,38.5,37.95,38.39,2502085
38.15,38.8,38.15,38.64,2423366
38.88,39.19,38.61,39.14,2770605
38.7,38.77,37.99,38.29,3553500
38.25,38.98,37.39,38.71,4218287
37.79,37.9,36.33,36.49,5971859
36.74,36.79,35.89,36.33,4315277
35.95,36.81,35.68,36.71,3492306
37.0,37.79,36.98,37.55,4044702
38.15,38.58,37.43,37.54,3173261
37.43,37.8,37.16,37.8,2350059
38.19,38.19,36.83,36.86,2632002
37.0,37.52,36.74,37.5,2469038
37.27,37.5,36.81,36.97,2062541
37.0,37.88,36.88,37.65,1821736
37.66,38.03,37.43,37.98,2168122
37.54,38.56,37.48,38.38,2099836
38.75,39.99,38.74,39.62,3663714
39.69,40.0,39.32,39.81,3074908
39.82,39.93,38.61,38.64,2986867
39.0,39.11,38.49,38.8,2771715
38.4,38.48,37.55,37.78,1851367
37.81,38.1,37.34,37.87,2132856
38.08,38.19,37.67,38.16,2614208
37.89,38.23,37.1,37.54,2630358
38.49,39.28,38.49,39.2,3076611
39.18,39.48,38.96,39.25,2979601
39.19,39.38,38.99,39.25,1329076
39.13,39.87,38.72,39.58,2475831
39.09,39.49,38.89,39.4,2480474
39.38,39.55,38.94,38.96,3503761
39.37,39.5,37.9,38.17,4015350
38.33,39.08,37.74,38.03,6299929
37.14,37.35,35.51,35.58,9569745
35.61,36.34,35.51,36.28,4893218
36.1,36.38,36.07,36.12,2911795
36.21,36.77,35.89,36.7,4987063
36.44,37.14,36.23,36.7,3592518
36.85,37.68,36.68,37.29,2937995
37.04,37.4,36.8,36.85,3512148
36.03,36.22,35.5,35.8,4388946
35.73,35.98,34.69,35.03,4963157
35.19,35.65,34.98,35.34,3613129
35.96,36.15,35.38,36.06,3666341
36.39,37.1,36.28,36.89,2820151
36.75,37.06,36.18,36.5,2371848
36.44,36.66,36.18,36.42,2415344
36.71,36.78,36.07,36.35,2083774
36.03,36.54,35.67,36.32,2363543
36.82,37.71,36.82,37.55,2070672
37.62,37.83,37.31,37.35,2669917
37.61,38.26,37.56,38.12,2639256
37.7,37.75,37.08,37.24,3094194
37.27,37.66,37.2,37.29,2284833
37.18,37.22,36.62,36.94,2075799
36.91,37.13,36.75,36.93,1566949
37.25,37.42,36.57,36.66,2042657
36.64,36.91,36.42,36.79,1578395
36.77,37.97,36.73,37.81,1836950
37.87,38.16,37.78,38.05,2067897
37.84,38.0,37.47,37.55,2588633
37.48,37.66,37.1,37.2,2190551
37.01,37.37,36.75,37.24,2483168
37.2,37.31,37.04,37.12,1974593
36.97,37.2,36.6,36.97,2644135
37.19,37.44,36.96,37.36,2000366
37.16,37.69,37.04,37.26,2243394
37.28,37.66,37.15,37.6,1954692
37.35,37.7,37.15,37.54,1913684
37.75,37.97,37.36,37.68,1670615
37.58,38.0,37.31,37.63,2112294
37.57,37.64,37.23,37.4,2122318
37.75,38.9,37.66,38.75,2759104
38.9,39.36,38.84,39.36,3627835
39.36,39.36,38.95,38.97,2736004
39.0,39.46,38.97,39.34,2083507
39.5,39.64,39.27,39.52,1320432
39.56,41.01,39.36,40.98,4433915
40.96,41.84,40.69,41.6,3431935
41.26,41.46,40.7,41.16,3247647
41.18,41.28,40.9,41.07,1646197
41.03,41.29,40.86,40.9,3550212
40.38,40.8,39.75,40.75,4018726
40.96,41.0,40.39,40.43,3375091
40.33,40.6,40.0,40.22,2245057
39.78,40.41,39.12,39.14,3505282
39.11,39.28,38.76,39.01,2476978
39.23,39.72,38.95,39.58,2298510
39.35,39.47,39.0,39.1,3023845
39.32,39.64,38.89,38.97,3254882
39.16,39.26,38.5,38.63,3500626
38.86,39.08,38.5,39.0,4675111
39.88,40.3,38.66,38.94,6841532
38.59,39.15,38.0,38.29,5090424
38.2,39.09,38.06,38.73,5050361
38.7,38.84,38.3,38.45,3116242
38.46,38.76,38.16,38.38,2911601
37.73,38.29,37.66,38.17,3491586
38.22,38.64,37.95,38.16,2319498
38.25,38.65,38.15,38.53,1928571
38.81,38.97,38.65,38.89,1485259
39.0,39.0,38.56,38.79,1998791
38.79,39.11,38.58,38.89,1954542
38.67,38.67,37.32,37.53,3504925
37.53,37.99,37.13,37.94,2271815
37.27,37.33,36.84,36.89,2215459
37.07,37.15,36.29,36.44,3704158
36.75,37.05,36.09,36.47,4003580
36.4,37.26,36.33,36.82,5715372
36.78,36.95,36.23,36.48,3793590
36.64,37.15,36.52,36.96,2507338
37.23,37.47,36.67,36.69,4070034
36.52,36.72,36.33,36.64,1858963
36.73,36.88,36.5,36.77,2267717
36.41,36.67,35.85,36.01,2809633
35.98,36.03,35.28,35.28,3327256
35.16,36.0,35.11,35.54,3759698
35.65,35.67,35.27,35.31,1980099
35.13,35.47,35.06,35.13,3253860
35.28,35.31,34.26,34.38,2788645
34.38,34.6,33.93,34.11,3198864
34.21,34.95,34.1,34.43,3369499
34.93,35.59,34.86,35.45,4265281
35.38,35.49,34.73,34.88,2710266
34.9,35.16,34.75,34.82,1227637
35.04,35.27,34.88,35.24,583336
34.97,35.03,34.63,34.71,2641916
34.56,35.07,34.51,34.64,2987682
34.47,35.27,34.2,35.21,2701313
35.49,36.7,35.35,36.63,5356583
36.56,36.56,36.13,36.29,3632690
36.23,36.69,35.87,35.89,1719969
35.81,35.86,35.49,35.53,2285279
35.61,35.75,35.11,35.27,2013244
35.32,35.78,35.19,35.46,1544216
35.72,35.72,35.28,35.43,1282775
35.35,35.7,35.26,35.59,1135851
35.75,35.92,35.56,35.79,1868448
35.99,36.19,35.54,35.92,2259035
35.9,36.0,35.57,35.62,1601202
35.47,36.33,35.47,36.11,2328114
36.21,36.86,36.11,36.84,2489706
36.96,37.47,36.81,37.42,3001602
37.39,37.52,37.13,37.22,2375421
37.19,37.86,37.12,37.68,3433275
37.09,37.45,36.99,37.4,3348783
37.32,37.37,37.0,37.12,562146
37.15,37.19,36.69,36.71,1516083
36.73,36.97,36.29,36.88,1731361
36.49,37.04,36.42,36.48,1662692
36.31,37.29,36.24,37.27,1946045
38.32,39.41,38.14,38.79,3964897
38.86,39.34,38.73,39.1,2810703
39.23,39.43,38.98,39.23,2285875
38.94,39.2,38.79,39.01,1817103
38.93,39.05,38.75,38.9,1720245
38.98,39.06,38.73,38.9,1456574
39.19,39.29,38.84,39.02,1521462
38.98,39.1,38.76,38.88,863164
38.91,39.14,38.62,38.73,1227660
38.58,39.24,38.55,39.16,1829918
38.96,39.09,38.7,38.83,1182170
38.95,39.53,38.9,39.28,2481499
39.38,39.4,38.97,39.27,1523051
39.2,39.3,38.74,39.24,2173288
39.2,39.29,38.91,39.15,2010563
39.2,39.38,38.83,38.97,2456791
39.16,39.65,39.05,39.56,2913081
39.51,40.12,39.4,40.1,4130958
39.99,40.25,39.77,40.21,2281319
40.13,40.38,40.07,40.14,2247693
40.23,40.23,39.8,39.98,2596974
40.34,40.58,40.09,40.29,1854042
39.99,40.14,39.67,39.77,1830832
40.02,40.17,39.85,39.95,1836551
39.89,40.74,39.81,40.66,2508837
40.55,40.66,39.99,40.47,2087718
40.53,41.05,40.48,40.97,1965444
40.97,41.23,40.76,41.22,1182169
41.19,41.52,40.89,41.39,1637756
41.58,41.61,41.16,41.18,1460947
40.92,41.21,40.78,41.16,1381230
41.19,41.73,41.13,41.23,3495790
41.15,41.15,40.63,40.83,4136399
39.87,41.0,39.52,39.72,3722227
39.61,39.62,39.05,39.16,3558470
39.33,39.49,39.04,39.49,1832541
39.7,39.97,38.6,38.6,3348421
38.71,38.92,38.35,38.53,2620586
38.5,39.43,38.5,39.3,1639281
39.34,39.8,39.24,39.45,2703659
39.28,39.7,39.06,39.57,1580541
39.5,39.62,38.93,39.2,3377357
39.42,39.8,39.34,39.46,2484167
39.62,39.71,39.3,39.38,2254474
39.49,39.54,39.23,39.36,1950671
39.68,40.52,39.53,40.29,4827073
40.31,40.43,39.93,40.24,3277964
40.31,40.56,39.82,39.98,2378141
40.05,40.4,39.96,40.18,2199386
40.26,40.56,40.13,40.42,1593690
40.25,40.45,40.02,40.35,2708640
39.79,40.15,39.6,39.9,2086990
40.0,40.07,39.24,39.55,2858403
39.83,40.22,39.75,40.02,1473879
39.76,39.97,39.5,39.62,1431820
39.7,39.89,39.65,39.85,1298010
40.0,40.12,39.59,39.76,1931664
39.93,41.56,39.79,41.29,5148475
41.04,41.7,40.92,41.62,2544564
41.69,42.27,41.57,42.23,2392711
42.12,42.25,41.6,41.63,1778018
41.86,41.92,41.31,41.46,1691480
41.52,41.66,40.85,41.0,2291506
40.98,41.32,40.88,41.3,1549338
40.59,40.69,40.2,40.66,1777060
40.5,41.3,40.5,41.3,944075
41.55,41.87,41.39,41.6,1744857
41.73,42.15,41.58,41.99,1876959
42.19,42.37,42.08,42.21,1702575
42.07,42.59,41.98,42.59,1123017
42.2,42.24,40.55,40.71,4070784
41.2,41.75,41.12,41.75,2479967
41.42,41.56,40.83,41.13,1635181
41.24,41.39,40.55,40.81,1994340
40.91,41.43,40.71,41.34,1267707
41.38,41.56,41.03,41.33,1456299
41.51,41.94,41.49,41.87,1744343
41.98,42.06,41.39,41.43,1729912
41.72,41.92,41.59,41.64,2066785
41.53,42.0,41.48,41.57,2228607
41.5,41.67,41.21,41.62,1661328
41.8,43.14,41.8,43.06,3684129
42.46,42.91,42.29,42.48,2508142
42.57,42.96,41.45,42.84,3229722
43.25,43.56,42.87,43.01,2589451
43.0,43.27,42.94,43.11,1826351
43.21,43.71,43.21,43.54,1220358
43.34,43.7,43.22,43.49,1657862
43.51,43.64,43.13,43.23,1710510
43.35,43.97,43.24,43.97,1762029
43.92,43.93,43.6,43.63,1438312
43.65,44.0,43.61,43.96,1986182
43.91,44.45,43.74,43.97,3448490
43.86,43.94,43.12,43.19,1089670
43.32,43.84,43.32,43.73,1787853
43.69,43.84,43.31,43.36,1355306
43.37,43.71,43.22,43.48,1285631
43.34,43.82,42.55,42.77,1622828
42.35,43.16,42.32,42.58,1889235
42.38,42.86,42.14,42.77,1442849
43.25,43.55,43.08,43.23,1394362
42.91,43.08,42.26,42.33,1546409
42.48,42.91,42.38,42.52,1521272
42.42,42.84,42.01,42.01,2354448
42.35,42.39,41.54,42.2,2130051
42.13,42.23,40.4,40.41,4193319
40.24,40.88,40.09,40.39,3339812
40.33,41.02,40.09,41.01,1937174
41.24,41.7,41.1,41.66,2058740
41.7,41.89,41.38,41.48,2003947
41.01,41.23,40.59,40.84,1778128
41.13,41.41,40.28,40.59,2219740
40.54,41.18,40.26,41.09,1753119
41.08,41.54,40.59,40.77,1352468
41.02,41.12,40.52,40.66,2472580
40.66,41.1,40.57,40.82,2055134
40.78,41.07,40.41,40.42,2794175
39.98,40.0,38.98,39.05,2797537
39.35,39.54,38.16,38.93,4644020
38.5,39.14,38.23,38.71,2635384
39.28,39.42,38.89,39.35,2193996
39.7,39.84,39.42,39.45,2482351
39.73,40.41,39.63,40.25,2152623
40.14,40.71,39.96,40.37,2709942
40.67,40.86,40.29,40.32,1602265
40.38,40.67,40.14,40.23,1953083
40.01,40.45,39.82,40.3,831619
40.72,41.43,40.58,41.4,1527247
41.61,42.11,41.59,41.72,1807086
41.96,42.04,41.45,41.74,2054660
41.75,41.97,41.47,41.93,1297732
42.52,42.69,42.12,42.18,1954716
42.2,42.32,41.7,41.73,2183381
41.74,41.96,41.56,41.58,1977387
41.66,41.8,41.38,41.49,1655764
41.65,41.7,41.04,41.34,1794661
41.55,42.26,41.36,42.01,1540376
41.95,42.0,41.08,41.62,1703172
41.53,41.69,41.32,41.47,1163576
41.55,41.64,40.89,40.95,1402585
41.05,41.07,40.16,40.37,3310089
40.37,41.05,40.3,40.86,2768369
40.66,41.31,40.51,41.26,1236006
41.08,41.5,40.87,40.96,1633202
41.21,41.5,41.11,41.39,1421991
41.48,42.01,41.25,41.57,2945118
40.94,41.98,40.9,41.58,6797592
41.55,43.0,41.41,42.42,5179350
42.24,42.5,41.94,42.17,2662693
42.16,42.38,41.63,41.68,1773879
41.62,41.63,40.97,40.97,2323224
41.19,41.66,40.9,41.49,1383240
41.4,41.48,40.91,40.94,1511486
40.61,41.0,40.51,40.73,1681524
40.76,40.81,40.19,40.57,1370406
40.45,41.69,40.34,41.08,3434047
40.98,41.51,40.76,40.89,2947438
40.82,40.84,40.36,40.4,2164866
40.4,40.55,40.2,40.25,2240643
40.16,40.37,39.97,40.05,2089021
39.97,40.29,39.58,39.89,2182660
39.96,41.61,39.8,41.32,2515637
41.44,41.58,40.92,41.16,2936545
41.16,41.61,40.95,41.23,1552375
40.76,40.83,40.32,40.42,2375970
40.35,40.37,39.85,40.15,2514914
40.0,40.71,39.95,40.25,1638219
40.24,40.45,39.88,39.99,1671495
40.37,40.74,40.24,40.3,1860861
40.22,41.16,40.17,40.93,1735830
40.9,41.22,40.61,40.77,1910589
40.79,40.93,40.28,40.62,1944573
40.74,41.25,40.74,41.06,1592453
41.24,41.68,41.24,41.61,1460724
42.09,43.29,42.0,42.96,3687373
42.99,43.11,42.32,42.59,1930126
42.56,42.94,42.47,42.86,1497372
43.31,43.52,43.02,43.12,1413534
43.11,43.5,43.08,43.35,1696372
43.27,43.94,42.88,43.82,1922289
43.81,43.99,43.53,43.58,1811576
43.48,43.51,43.03,43.17,3271003
43.17,43.28,42.71,43.0,1807731
43.0,43.41,42.85,43.06,2737258
43.05,43.15,42.6,42.81,1785717
42.78,43.11,42.4,42.91,2099037
42.62,42.76,42.0,42.35,2404536
41.96,42.16,41.67,42.06,2357337
42.02,42.55,42.0,42.54,1974405
42.3,42.5,41.82,42.47,1881873
42.31,42.42,41.75,42.28,2337875
42.27,42.67,42.07,42.6,1382321
42.2,42.33,41.95,41.96,1353104
42.0,42.07,41.42,41.53,2391365
41.65,41.78,41.26,41.28,2861617
41.76,42.12,41.39,41.98,2666488
42.02,42.54,41.86,42.3,2031970
42.0,42.11,41.76,42.04,1964549
41.97,42.54,41.77,42.29,3091893
42.59,43.03,42.55,42.97,2916839
42.89,43.34,42.62,43.31,1637464
43.5,43.91,43.28,43.5,2801458
42.3,43.99,42.3,43.98,1417453
44.11,44.23,43.44,43.89,2266588
43.38,43.83,43.34,43.59,1855663
44.05,44.68,43.92,44.61,2425809
44.75,44.75,44.25,44.49,1388874
44.05,44.37,43.77,44.1,2474387
44.37,44.63,44.06,44.61,2246929
44.59,44.72,44.01,44.2,1826937
44.65,45.91,44.09,45.08,4457640
45.22,45.77,45.12,45.71,2621608
45.59,46.02,45.36,45.99,2560622
45.57,45.97,45.44,45.85,2084058
45.95,46.52,45.93,46.34,2871819
46.42,46.42,45.38,45.43,2366192
45.41,46.12,45.37,46.12,2028786
45.97,46.49,45.67,46.1,2405917
47.03,47.16,46.28,46.43,3261006
46.29,46.71,46.17,46.68,2637978
46.6,46.98,46.46,46.94,2266242
46.95,47.58,46.95,47.02,15553453
47.07,47.3,46.78,46.98,2949256
46.84,46.89,46.02,46.33,2397891
46.52,46.75,46.03,46.26,1947009
46.49,47.13,46.27,46.91,1939848
47.03,47.17,46.81,46.92,2379326
46.83,47.05,46.53,46.63,1986109
46.46,47.34,46.46,47.18,2135471
47.2,47.3,46.88,46.93,1611982
47.12,47.17,46.86,47.02,1346071
47.0,47.02,46.37,46.5,2137635
46.08,46.5,45.85,46.02,3432615
45.44,46.18,45.25,45.91,2119831
45.92,46.07,45.57,45.62,1914300
46.64,46.7,45.96,46.23,1943155
46.46,46.89,46.42,46.56,1537772
46.61,46.73,46.45,46.57,1852739
46.5,46.56,45.85,46.01,2474381
45.92,46.34,45.83,46.02,1867716
46.35,46.69,46.0,46.57,1956924
46.8,47.45,46.61,47.08,2616648
46.95,47.15,46.42,46.84,1783888
46.88,47.9,46.52,47.87,1944744
47.6,47.87,47.31,47.72,1550169
47.96,48.32,47.87,48.15,3679129
48.09,48.82,48.06,48.28,1087982
48.05,48.69,48.05,48.67,692498
49.71,49.84,48.59,48.91,1137818
48.99,49.02,48.68,48.78,878262
49.08,49.12,48.6,49.01,1200128
49.0,49.44,49.0,49.35,1484119
49.03,49.26,48.57,48.96,2127020
49.0,49.17,48.64,48.65,1248205
48.83,48.9,48.25,48.45,2163041
48.65,49.13,48.48,48.66,1766264
48.76,49.18,48.73,49.13,2036927
49.13,49.21,48.81,48.99,1263920
49.14,49.29,48.74,49.28,924549
49.63,49.63,48.59,48.75,2818412
48.78,49.43,48.56,49.34,1806532
49.36,49.89,48.85,49.82,1942920
49.89,50.6,49.52,50.56,4603162
50.32,50.86,50.22,50.62,3094609
51.44,51.5,50.76,50.79,3178990
51.01,51.53,50.8,51.17,3421842
50.61,51.16,50.32,50.58,2393977
50.37,50.48,49.75,49.76,3347582
49.75,50.68,48.92,49.05,3031365
49.12,49.96,49.0,49.7,1837375
49.47,49.65,48.78,48.86,2277928
49.18,49.49,49.02,49.3,1424910
48.51,49.69,48.51,49.3,2103245
49.45,49.52,47.35,47.47,3840884
47.5,48.17,47.35,47.98,2472416
47.94,48.0,47.21,47.89,2099797
47.6,48.96,47.6,48.76,2017586
49.02,49.35,48.73,49.24,1696195
49.07,49.61,49.07,49.36,1144175
49.35,50.0,49.28,49.69,1951395
49.88,50.17,49.55,49.65,1911698
49.36,50.2,49.02,50.11,2135949
49.91,51.58,49.91,51.52,3114081
51.52,51.74,51.07,51.38,2559756
50.59,51.98,50.58,51.54,3160708
50.57,51.84,50.52,51.79,3579253
51.91,52.72,51.58,52.51,3231333
52.52,53.97,52.52,53.47,3118668
53.31,53.92,53.31,53.86,1949920
53.89,54.24,53.23,53.44,2618251
53.22,53.88,53.22,53.86,2088775
53.9,54.4,53.61,54.23,2271591
53.85,53.92,52.99,53.29,3223806
53.71,54.01,53.49,53.83,2842498
53.73,53.94,53.31,53.89,2315120
53.9,54.8,53.9,54.6,2334672
54.65,55.03,54.54,54.79,2638259
54.52,54.91,53.88,54.19,1638070
54.31,54.76,53.86,54.04,1456694
53.67,54.07,53.4,54.03,1145013
54.23,54.29,53.4,53.71,1908834
53.57,54.28,53.54,53.88,2100506
54.33,54.62,53.83,54.08,1942634
54.06,54.52,54.01,54.42,1757603
54.33,54.63,53.84,54.23,1340162
53.97,54.45,53.69,54.0,1509699
54.8,55.25,54.5,55.25,5579133
55.41,55.81,54.77,55.15,3414802
55.24,55.53,55.14,55.48,2996732
55.7,56.15,55.38,55.58,5368036
55.58,55.58,54.57,54.76,4149186
54.76,55.66,54.76,55.44,3410535
55.85,56.2,55.62,56.02,2800006
56.43,56.99,56.32,56.93,2196068
56.87,56.99,56.52,56.92,2592782
57.11,57.15,56.36,56.59,2287646
57.02,57.14,55.74,55.8,3727128
55.65,56.18,55.3,55.8,3518533
55.95,56.13,55.4,55.93,4702898
56.24,56.93,56.07,56.67,2631814
57.25,57.25,55.21,55.32,3540905
55.15,55.87,55.0,55.3,2862091
55.74,55.87,55.12,55.42,2055505
55.49,56.13,55.0,56.1,2576339
56.73,56.73,55.81,56.2,2002431
56.56,56.58,56.12,56.25,1311655
56.37,56.52,55.99,56.24,1149988
56.17,57.12,56.17,57.05,1418507
56.96,57.38,56.71,57.21,1663031
57.5,57.85,57.29,57.63,2398411
57.57,57.65,57.06,57.23,2814116
57.18,57.32,55.14,55.97,3803245
56.2,56.68,55.83,56.62,2933522
57.28,58.38,57.0,57.93,4419394
57.87,58.57,57.84,58.55,3077810
58.3,59.31,58.2,59.09,3612234
59.02,59.03,58.27,58.88,2025806
58.88,58.9,57.97,58.0,2755971
57.32,58.12,57.24,58.11,3219790
58.17,58.66,57.61,57.89,1925564
58.21,58.3,57.51,58.17,2412427
58.53,59.54,58.5,59.22,1546189
59.18,59.39,58.79,58.87,1862933
58.88,58.97,58.43,58.58,1101558
58.53,58.53,57.35,57.93,1504444
57.94,58.36,57.73,58.35,1529366
58.17,58.69,58.0,58.61,1247434
58.39,58.96,58.34,58.89,2163792
58.38,58.92,58.34,58.76,2394495
58.68,59.24,58.62,58.76,2293016
58.98,59.33,58.82,59.26,1619223
59.57,59.75,59.34,59.45,1897846
59.44,59.57,59.2,59.44,1708674
59.63,60.72,59.4,60.68,2784278
60.88,61.73,60.75,61.62,3821565
61.71,61.86,61.05,61.54,3493216
61.5,61.53,61.15,61.49,2427165
61.35,61.76,61.22,61.72,1874909
61.95,62.36,61.57,62.31,1644613
62.32,62.86,62.28,62.85,1525723
62.57,63.14,62.5,62.82,1568605
62.74,62.84,62.43,62.7,1972333
61.72,61.98,61.45,61.77,2622217
61.83,61.92,61.22,61.45,1702921
61.5,61.64,61.0,61.38,1340796
61.32,61.8,61.32,61.62,1239075
61.51,62.56,61.36,62.45,1369535
62.53,63.26,62.5,63.12,1791153
62.31,63.37,62.31,63.37,1411464
63.51,64.1,63.27,63.56,4750043
63.37,63.85,63.33,63.79,1390162
63.55,64.09,63.12,63.58,2818865
63.55,63.63,63.22,63.43,2966359
63.69,64.09,63.29,63.99,2031743
63.89,64.25,63.72,63.98,2345518
64.02,64.31,63.79,64.1,1135960
64.32,64.76,64.18,64.67,1588369
64.8,65.39,64.46,65.36,1815556
65.26,65.73,65.23,65.56,963399
65.5,65.88,65.36,65.87,1488158
65.53,65.7,64.73,64.92,2018593
65.26,65.5,64.94,65.42,2219283
64.55,65.81,64.55,65.57,2627555
65.32,65.67,64.98,65.02,2136303
65.41,65.86,65.13,65.32,1998847
65.36,65.58,64.66,64.98,2346592
65.14,65.28,64.62,64.72,1857252
64.49,64.85,63.37,63.38,3033315
63.78,64.99,63.6,64.9,1993224
64.83,65.14,64.54,64.97,1565188
65.37,66.32,65.35,66.11,2189712
65.9,66.51,65.78,66.47,1705064
66.4,67.08,66.13,66.83,3008283
66.72,67.12,66.27,66.37,1424247
66.48,67.07,66.02,66.17,2942996
66.08,66.89,65.65,65.69,3228204
66.22,66.47,64.36,65.41,3930702
65.32,65.34,64.46,64.71,3291639
64.79,65.27,64.32,64.88,2908535
65.04,66.25,64.9,65.99,2675566
65.75,65.9,64.77,64.91,2940608
64.34,65.03,64.18,64.51,2358477
64.86,65.49,64.12,64.24,2545705
64.74,64.97,64.3,64.94,1774750
65.66,65.92,65.0,65.72,1536013
65.69,66.01,65.37,65.57,1585966
65.82,66.66,65.2,66.55,1623050
66.75,67.35,66.55,67.26,1685564
67.66,67.69,67.03,67.37,2529057
67.87,67.95,67.34,67.66,1750739
67.63,68.27,67.57,68.13,1956656
68.0,68.64,67.87,68.54,1377110
68.57,68.74,68.33,68.44,1204564
68.28,68.56,68.16,68.45,1084204
68.64,68.94,68.56,68.76,1415394
68.98,69.07,68.45,68.99,1147524
69.04,69.21,68.78,68.88,1421409
68.78,69.12,68.17,68.99,1382310
69.33,69.49,68.85,69.4,1393069
69.68,69.69,68.8,69.43,1833724
69.6,70.2,69.44,70.0,2911502
70.44,70.98,70.33,70.52,2832398
70.21,70.83,70.21,70.83,2367345
70.86,71.32,70.65,71.07,2313106
71.0,71.3,70.72,70.78,1571254
70.9,71.04,70.5,70.79,1789339
70.82,71.53,70.51,71.4,2869095
71.14,71.23,70.22,70.62,1640527
70.54,70.91,70.45,70.71,1412947
70.5,71.23,70.33,71.14,2199641
71.28,72.09,71.21,71.73,1476694
72.19,72.47,71.76,72.45,1677327
72.98,73.28,72.04,72.19,3799097
72.32,72.32,71.28,71.61,1961141
71.49,71.8,70.9,70.92,1889175
70.9,71.48,70.78,71.39,1213808
71.37,71.66,70.46,70.52,1508110
70.85,71.07,70.52,70.72,3139678
70.27,70.69,69.97,70.44,1664570
70.23,70.63,69.9,69.9,1989277
69.56,69.58,67.34,67.94,4252139
67.98,68.16,65.48,66.8,4099811
67.16,68.27,67.04,68.1,3763646
68.09,68.39,67.09,67.32,2673392
66.66,67.41,65.98,66.0,3238167
65.87,66.34,65.34,66.17,5241594
65.59,66.19,64.53,64.58,3565637
64.4,64.74,63.12,63.55,4100541
63.55,63.66,61.63,61.71,6500783
62.11,63.88,62.06,62.55,5234692
61.92,63.9,59.61,62.2,6844694
60.72,63.55,60.66,62.79,2919156
63.63,65.34,63.23,65.01,3110287
64.94,67.63,64.9,67.02,3737018
67.58,68.7,67.3,68.42,2820828
69.41,69.63,68.22,68.42,2353763
69.0,70.0,68.34,68.43,3434765
68.4,69.35,68.04,69.29,2363935
69.3,70.4,69.01,70.26,2317505
69.85,72.21,69.23,71.95,4551086
74.0,75.19,72.09,74.03,4337285
73.51,76.31,73.5,76.0,3342879
77.99,77.99,75.21,75.75,3577333
75.91,76.15,74.95,75.8,2427487
75.4,75.59,74.32,74.57,3395824
75.19,75.2,73.94,74.9,3106715
75.07,75.34,74.44,75.25,2331726
75.33,75.55,74.96,75.5,1803203
75.52,76.66,75.33,76.56,1434640
76.8,77.28,76.56,77.14,1463009
76.58,77.5,76.38,77.3,1318137
77.38,78.25,77.33,78.09,1443264
78.09,78.39,77.71,77.96,1456696
77.1,77.74,76.77,77.17,2517627
76.89,77.22,76.51,76.94,2442920
76.98,77.35,76.32,76.38,1783370
76.37,76.41,75.34,75.89,2324712
76.81,77.05,75.91,75.98,2211314
76.47,77.23,76.47,76.97,2092518
77.02,77.3,76.44,77.04,4748047
76.82,77.65,76.77,77.48,1010889
78.33,79.21,78.15,78.79,981154
78.5,78.79,77.37,77.45,1903114
77.73,78.19,77.4,77.45,2659920
77.5,78.49,77.2,78.14,1400330
78.0,79.0,77.45,77.94,1499062
78.06,79.19,77.97,78.99,1598708
79.01,79.25,78.5,78.99,1465255
78.08,78.52,77.5,78.37,1669591
78.3,78.46,77.33,77.48,1657700
78.58,78.78,77.25,77.62,1427903
77.07,77.92,76.71,76.76,1570449
77.5,78.29,76.27,77.57,2646255
77.84,77.93,76.22,76.28,3317507
76.29,77.08,75.62,76.74,2353695
77.64,77.88,76.91,77.35,2353380
77.33,77.97,76.98,77.43,4492382
77.41,78.61,77.35,78.46,1266709
78.75,79.03,78.34,78.54,1581647
78.09,78.57,77.86,78.35,736860
78.67,78.99,78.52,78.7,891538
78.72,79.25,78.16,79.08,1115719
78.72,79.22,78.05,78.3,1184589
78.67,79.25,77.98,78.03,1428801
78.34,78.56,76.71,77.75,1278232
77.64,77.74,75.32,75.62,2036204
75.47,75.6,73.91,74.67,2561002
75.48,76.57,74.99,76.38,1979431
76.8,79.03,76.38,78.91,2396083
78.79,79.09,77.99,78.73,2350882
78.88,79.0,77.63,77.9,1715747
78.84,79.61,77.17,77.42,2505961
76.22,77.02,75.47,76.57,1902261
76.69,77.73,76.01,76.1,1787308
76.0,76.19,75.28,75.89,3146475
76.71,76.92,75.51,76.32,1618249
75.97,77.09,75.94,76.26,1658133
76.68,78.73,76.36,78.48,2106205
78.66,78.85,77.93,78.51,1630979
78.65,79.45,78.49,79.42,1373830
78.69,79.33,78.17,78.61,1274421
78.47,78.63,76.81,76.9,2304477
76.8,77.46,76.02,77.11,2246978
76.45,76.54,74.43,74.5,3178101
74.28,74.98,73.38,74.8,3253477
74.98,76.73,74.71,76.63,2757573
75.83,76.89,75.46,75.94,2261605
75.91,76.3,75.29,75.7,2541300
75.78,76.26,73.61,74.22,3403432
73.32,73.91,72.77,73.38,2465762
74.38,77.44,74.38,77.23,3532364
77.13,77.65,76.47,77.02,1938631
77.57,79.23,77.13,79.02,2179281
79.09,79.46,78.52,79.4,1786014
79.44,81.32,78.76,81.29,3033502
80.22,81.62,80.04,81.45,3480355
83.78,84.77,81.85,83.1,3927430
83.18,83.18,82.05,83.0,1786706
82.75,83.0,82.34,82.95,1837592
82.73,82.96,82.05,82.24,1361028
82.22,82.84,82.0,82.36,1344296
82.16,83.27,82.16,83.22,1430105
83.31,83.62,82.7,83.1,2035097
83.35,84.87,83.12,84.83,2349680
84.79,84.93,83.52,83.91,1568481
83.55,83.7,82.78,83.15,1097606
83.29,83.72,82.79,82.9,1190104
82.51,82.9,81.32,81.52,1667131
81.44,82.54,81.37,82.48,1913544
81.77,81.77,80.81,81.26,1927035
80.99,81.86,80.91,81.07,1284168
81.63,83.0,81.63,82.8,1599086
82.52,82.89,81.52,82.08,1374593
82.61,83.72,82.36,83.49,1163880
83.4,83.4,82.25,82.44,1373060
82.27,83.47,81.52,83.23,1676476
83.33,84.42,83.07,84.31,1486559
85.0,85.0,83.67,84.04,3230437
84.06,84.98,83.72,84.27,2047276
83.97,84.02,82.21,82.25,2108740
81.86,81.98,79.78,79.79,3328888
79.23,81.07,78.58,80.58,3163925
80.46,81.4,80.29,80.82,1777567
81.32,81.81,81.16,81.5,1083321
81.29,81.72,80.17,80.32,1920806
80.42,80.42,79.12,80.33,1364255
80.31,80.93,79.95,80.15,1143127
79.43,80.56,79.04,80.28,1799430
80.1,80.24,79.13,79.15,2416275
79.47,80.86,79.34,80.18,2202791
80.01,80.58,79.41,80.22,1095926
80.35,80.67,80.06,80.32,851023
80.19,80.78,79.84,80.21,1027051
79.86,80.22,79.03,79.26,1653799
79.43,79.96,78.85,78.96,1381282
78.55,79.29,78.4,78.51,1711162
77.92,78.32,77.15,77.64,2927673
77.99,79.93,77.72,79.77,3587604
80.09,80.75,79.53,80.47,2344305
81.05,81.2,80.12,80.78,1572044
80.46,81.93,80.23,81.35,1236693
81.59,81.99,81.1,81.84,1131871
81.78,83.07,81.28,81.37,2220702
81.21,81.82,80.09,81.32,1804031
82.42,84.33,82.06,83.87,5530237
82.3,82.71,79.18,80.05,5499457
80.65,81.83,80.39,80.96,1877684
81.01,81.28,80.06,80.51,1678454
80.28,80.31,78.18,78.21,2694137
78.35,79.42,77.91,78.82,2273600
78.78,79.46,78.33,78.48,2587234
79.4,80.87,79.24,80.3,1865621
80.15,80.44,79.59,79.72,1853089
79.15,79.75,78.61,79.16,1247191
78.94,79.81,78.51,78.68,1647188
79.37,80.69,79.22,80.58,1847384
80.93,81.5,80.3,80.9,1965826
80.65,81.55,80.65,81.23,1416399
81.18,81.52,80.68,80.9,1553483
80.92,81.53,79.75,80.66,1246581
80.36,80.82,80.03,80.47,1330448
80.39,80.76,79.57,80.15,934857
80.14,80.23,78.52,78.71,1210194
79.02,79.68,78.78,79.2,1530557
79.12,79.21,78.34,79.03,1308389
79.32,79.47,77.82,77.99,2532166
78.2,78.75,77.36,77.97,1928288
77.74,78.68,77.6,78.43,1378320
78.87,79.88,78.56,79.38,1677759
78.85,79.41,78.32,78.48,1515010
78.24,78.67,77.8,78.38,838033
78.07,78.21,76.89,76.96,2038208
76.84,77.49,76.58,77.32,1205525
77.47,78.13,77.23,77.23,1344543
77.41,77.52,76.63,77.27,2253878
76.95,77.36,76.4,76.63,2104479
76.05,77.19,75.86,77.02,1754352
76.71,77.25,76.57,76.73,1463707
76.75,77.11,76.02,77.02,1546672
77.37,78.5,77.36,78.15,1506863
78.13,78.27,77.59,77.64,1810696
78.0,78.39,77.8,77.91,1312289
77.8,77.99,77.32,77.59,1212255
77.57,77.62,76.24,76.37,2098444
76.44,76.86,76.1,76.16,1335671
76.54,76.79,75.88,76.02,3597100
75.24,75.5,73.77,73.83,2026906
74.46,75.09,73.95,74.39,1828769
75.22,75.42,74.57,74.99,1854777
75.06,75.28,74.5,74.8,1227494
74.06,74.77,73.84,74.31,1700134
74.31,75.52,73.36,75.44,2767958
74.68,74.95,73.9,73.96,2016157
75.22,75.66,74.17,74.18,1599201
75.23,76.19,74.59,75.97,1416825
76.76,77.38,76.52,76.98,1756049
76.6,77.66,76.6,77.26,1214121
77.14,78.02,76.9,77.36,1637158
77.67,78.76,77.67,78.25,1756531
77.0,78.28,77.0,77.7,1715662
77.74,78.26,77.68,77.83,1275982
78.11,78.11,76.39,76.6,2271065
76.54,77.17,76.24,76.93,1601871
76.92,76.92,74.04,74.62,3260923
74.8,74.81,73.31,74.02,2747325
73.54,74.4,72.92,73.9,2378017
74.19,75.64,74.03,74.59,2632464
74.8,77.37,74.78,77.0,3417864
76.0,76.13,72.15,72.64,6515290
73.85,73.88,71.89,72.61,3438888
72.16,72.91,71.94,72.57,2314231
72.6,72.6,71.88,72.22,1862069
73.08,73.4,70.44,70.7,4158501
70.97,71.08,70.07,70.93,3782408
70.93,71.47,70.07,71.37,2691997
72.15,72.71,71.86,72.55,1788334
72.03,72.5,71.68,72.14,1926858
71.13,72.4,70.26,72.27,2758040
71.81,72.75,71.61,72.3,1533131
72.25,72.4,71.44,71.85,1351959
71.6,73.23,71.44,72.94,1294439
72.91,72.91,72.23,72.38,1073479
71.96,72.54,71.42,71.91,1959253
71.25,71.25,69.92,70.0,2783508
69.25,70.32,68.87,69.33,4273972
65.22,68.99,63.95,66.69,5148672
68.66,68.98,66.49,66.56,4214808
68.26,69.99,67.36,69.92,4359955
70.45,71.13,69.7,71.11,2248147
70.72,71.62,70.63,71.58,1532885
71.16,71.17,70.34,70.66,2022297
68.68,69.61,68.66,69.09,3162358
70.32,71.21,69.81,70.92,2373319
71.09,72.16,70.67,71.07,1609859
69.97,70.95,69.8,70.02,1525856
71.33,72.48,70.69,72.42,2288011
72.7,73.16,71.03,71.19,1768182
71.1,72.46,70.87,72.27,1603519
71.72,73.03,71.61,73.01,1560146
72.94,73.22,72.36,72.99,1706849
73.07,73.07,70.87,72.24,3177509
72.52,72.91,72.03,72.79,1895089
72.87,73.34,72.01,72.16,2191298
70.86,70.86,69.06,69.68,7963761
70.2,70.8,69.79,70.22,1980367
68.84,69.33,67.58,68.05,3300485
68.38,68.45,67.57,67.72,1372263
68.98,68.98,67.78,68.2,2964511
68.59,69.52,68.04,68.5,2271303
67.73,67.97,66.04,66.17,2546960
66.19,66.63,65.31,65.44,3576136
66.11,68.37,65.76,68.2,3575871
68.39,70.16,68.25,70.11,3393917
69.1,71.49,68.84,71.46,2747563
71.81,72.91,70.6,72.76,2093468
72.35,72.96,71.76,71.91,2546028
72.05,74.19,72.01,74.17,2404954
73.9,76.9,73.81,76.56,3493699
76.65,77.0,75.6,76.47,2005614
76.51,76.9,75.98,76.41,1516393
75.37,76.4,74.8,75.28,2906008
75.2,75.59,73.98,74.17,2326161
74.75,75.0,73.18,74.84,1858000
74.7,74.7,73.48,73.83,2752345
73.62,74.46,73.09,73.38,2426646
74.35,75.39,74.16,74.89,1772207
74.85,75.5,73.78,73.85,1541149
74.52,77.34,74.33,76.87,3513416
75.94,76.19,74.4,75.3,4878209
75.34,77.0,74.88,76.61,2077174
76.6,79.03,76.18,77.99,4426495
79.56,79.88,75.29,76.89,5223610
74.41,77.16,73.83,76.98,3884676
77.33,77.88,76.65,76.78,2559604
77.0,77.9,76.74,77.46,1605742
77.26,77.56,75.92,76.71,1930517
76.84,77.09,76.28,77.02,1352461
77.06,77.45,76.1,76.72,1214129
76.76,77.34,76.15,76.68,1395445
76.54,76.67,74.44,75.76,1237491
75.72,76.64,75.44,76.52,1022611
76.7,76.83,75.39,75.46,1261539
75.5,75.5,74.45,74.52,1272937
74.13,74.48,72.69,72.74,1635709
71.58,74.53,70.43,73.72,13409115
74.37,74.45,72.55,72.77,7667309
71.59,73.44,70.8,72.23,5273769
72.4,72.68,71.58,72.57,3243330
72.98,73.04,71.9,72.31,2331193
72.31,73.1,72.2,72.4,2274852
71.1,71.68,69.93,70.98,4296187
71.25,72.08,71.05,71.84,2248105
71.65,71.92,71.37,71.48,642661
71.38,71.4,69.89,70.91,3118704
71.51,72.38,71.07,72.26,2562171
72.08,72.68,71.52,71.69,2827300
71.75,71.88,68.55,68.78,3219139
70.49,71.09,69.24,71.04,3475179
70.75,71.0,69.15,69.5,3073427
69.28,69.91,68.48,69.58,2449216
69.08,70.02,67.57,68.02,2904901
68.73,68.91,67.87,68.23,1956764
67.12,67.84,66.71,66.85,2137818
66.78,67.21,65.55,66.43,3154515
67.07,67.16,66.02,66.62,3123609
67.16,68.1,65.93,67.16,3480292
67.36,67.83,66.01,66.03,2410477
65.89,66.54,64.64,65.11,4835457
65.37,65.92,64.99,65.17,2204944
65.76,68.91,65.26,68.49,5676555
68.31,69.0,67.92,68.85,2263551
68.86,69.3,68.55,68.77,789895
68.0,68.96,68.0,68.85,1459767
69.09,69.28,68.37,68.75,1910609
68.84,68.96,67.86,68.02,1512157
67.99,68.21,67.04,67.04,1940968
65.93,66.2,64.98,65.38,3896773
65.48,66.03,65.23,65.59,2699060
64.47,64.68,62.53,63.62,4167145
62.27,63.13,61.68,61.82,6444904
62.36,63.81,62.01,62.65,4510253
63.15,63.5,62.12,63.16,4568680
63.22,64.5,63.17,64.32,4915297
63.83,64.03,60.13,60.27,5439902
60.21,62.12,58.92,60.74,7422364
59.02,60.15,58.33,59.55,8356897
60.44,60.5,57.62,58.38,5210162
57.63,60.6,56.43,59.81,8220042
59.75,62.56,59.15,61.65,6132939
62.58,63.61,61.61,62.46,4769659
62.4,62.4,60.0,60.12,3217052
60.71,62.06,60.28,61.94,3255378
61.81,62.45,60.01,60.64,4011844
61.27,61.64,58.8,59.21,4650618
59.89,61.31,59.37,61.28,3164255
60.32,61.9,60.01,61.42,3489433
60.4,60.76,58.99,59.07,3926622
59.16,59.73,57.69,59.39,3559903
59.28,60.9,58.89,60.71,4327740
60.68,60.71,59.13,60.01,3671515
59.59,59.8,57.89,59.44,5113812
59.0,61.63,59.0,60.77,5188011
61.63,62.84,61.18,61.38,3575455
60.5,62.18,60.1,61.59,4790290
62.06,63.89,61.63,63.8,3706097
64.27,65.54,63.98,65.06,5424198
65.74,67.88,65.65,66.68,4875851
64.1,65.68,64.0,64.94,7950707
64.5,65.81,64.25,65.71,3595718
66.21,67.53,66.18,66.79,5341350
66.51,66.86,66.05,66.27,3012261
65.64,67.26,65.03,67.03,3740715
67.56,68.33,66.78,68.3,4231870
68.97,69.0,67.8,68.15,2961080
68.33,68.85,67.68,68.15,3687830
68.33,69.18,68.28,68.93,3416008
68.57,69.0,68.14,68.83,2732984
68.57,69.0,68.06,68.68,2341004
68.8,69.28,68.4,68.98,1824062
68.51,69.54,68.35,69.54,2741876
68.9,69.45,68.18,68.41,4281700
68.74,68.77,68.09,68.59,2283896
68.74,69.14,66.72,67.96,2281313
68.97,69.17,68.4,68.89,1878072
71.05,71.3,69.94,70.93,8939959
70.06,71.03,70.01,70.41,4007640
69.98,71.69,69.85,71.24,3375369
70.98,71.82,70.54,71.8,4545453
72.61,73.89,72.25,73.16,13517982
72.56,72.85,71.82,72.3,13663931
70.89,71.28,69.99,70.92,7179809
70.55,70.83,69.19,69.6,7101006
69.02,69.72,68.37,68.64,5621469
70.1,71.84,70.0,71.34,6831147
70.98,71.45,70.66,70.7,4708903
71.4,71.77,70.43,71.55,2362699
71.59,71.82,71.02,71.18,3197594
67.48,68.07,66.5,67.13,18138784
67.13,67.36,66.16,66.36,5516076
65.88,66.09,65.26,65.84,5774377
66.07,66.31,65.44,66.14,3507420
65.89,66.03,65.1,65.53,4207706
66.0,66.62,65.74,66.57,9371965
66.75,68.07,66.66,67.12,6511185
67.13,67.58,66.9,67.34,3384541
67.88,67.99,67.38,67.63,3471627
67.65,68.15,67.26,67.84,4323009
67.89,68.58,67.77,67.92,4419179
67.79,67.81,66.68,67.54,4991865
67.62,68.83,67.38,67.81,5439086
67.19,68.4,66.87,67.86,5106318
67.73,69.25,67.73,68.23,4476914
68.23,68.32,65.56,66.54,5370814
66.75,67.08,66.41,66.98,3443772
67.4,67.51,66.5,67.0,4443886
67.05,68.9,67.01,68.68,6193846
67.63,70.75,67.56,69.24,7220932
68.98,70.43,68.64,70.09,6485377
70.33,70.47,69.54,70.04,4573523
69.65,70.39,69.13,70.1,4665471
69.46,69.82,68.77,69.23,4332499
69.45,69.84,69.04,69.27,3037311
69.01,69.48,68.35,69.22,1872160
69.4,69.54,68.69,69.13,2320682
69.19,70.46,68.65,70.46,6235855
70.32,70.32,68.75,68.92,2657888
69.34,69.49,67.44,67.97,2574462
67.71,68.45,66.31,66.88,3808248
66.88,68.16,66.64,67.71,2647845
67.71,68.41,67.01,67.26,2726001
67.0,67.27,65.12,65.71,4547354
65.14,65.25,64.11,64.97,3530976
64.78,65.37,64.7,64.98,3008238
65.02,65.12,64.48,64.86,1998368
65.17,65.61,64.87,65.37,2271611
65.37,66.34,65.16,66.2,2750526
66.18,66.19,65.37,65.56,1979593
65.76,66.34,65.58,66.31,1619212
66.34,66.69,65.91,66.04,2373570
66.22,67.29,65.67,67.15,3899518
66.79,68.81,66.63,68.52,3879539
67.88,68.4,67.0,68.03,2902373
68.04,68.25,67.54,67.85,1827932
68.07,68.15,67.21,67.31,2302815
67.48,67.88,66.32,67.56,3493352
67.14,67.42,66.67,67.22,2551760
66.42,66.69,66.07,66.49,2553068
66.35,67.0,65.94,65.96,2872612
65.61,65.99,64.97,65.38,3359195
65.46,66.73,65.41,65.72,2933845
65.48,65.74,64.33,65.59,2741022
65.58,66.59,65.51,66.47,3229474
67.16,68.46,67.06,67.84,3090967
67.73,67.83,67.13,67.71,2429216
67.89,68.42,67.42,67.75,3592161
68.39,68.99,68.04,68.95,2472694
66.36,67.34,63.84,63.91,6184359
63.31,63.82,60.87,61.21,6497575
62.17,62.73,61.65,62.59,4016510
63.19,65.34,63.17,64.9,4200026
65.68,66.75,64.88,66.46,4329573
66.39,67.9,66.09,67.79,3340981
67.84,67.95,66.76,67.09,3093813
66.7,67.95,66.31,67.85,2899572
67.98,68.71,67.4,68.36,2918486
68.99,70.04,68.84,69.85,3686885
69.85,70.27,69.62,70.12,3283092
70.47,71.5,70.45,71.26,3910716
71.53,71.55,69.58,70.12,3413861
70.9,71.0,70.34,70.45,2274519
70.42,70.56,69.28,70.2,1838457
70.19,70.76,69.99,70.39,2061747
69.9,70.17,69.39,70.15,3060916
70.21,70.43,69.74,69.87,1916222
69.62,70.47,69.46,70.38,2579299
70.3,71.12,70.05,70.99,1838234
70.92,71.35,70.66,71.21,2790276
71.11,71.72,70.7,71.67,2531742
71.05,71.18,69.72,70.54,4010595
69.52,71.64,69.0,71.53,3653441
71.32,71.85,70.89,71.7,2408302
71.49,71.74,70.73,71.19,2235727
71.19,71.21,69.68,70.59,2514777
70.44,71.4,70.15,71.31,2888987
71.29,72.24,70.61,72.21,1974531
72.69,73.14,72.31,72.71,1846302
72.99,73.23,72.31,72.54,3782583
72.63,72.98,71.74,71.85,2639751
72.03,72.53,71.52,71.86,2342215
71.98,72.35,71.64,72.1,1350119
71.4,72.55,71.3,71.94,1784759
72.09,73.14,72.02,72.88,2030532
72.94,73.11,72.42,72.78,2439371
72.93,73.07,72.28,73.01,1712657
72.95,73.26,72.31,72.96,1063140
72.63,73.99,72.34,73.97,2353761
73.66,73.91,72.62,73.01,4737869
73.43,73.44,72.98,73.13,1735186
72.97,73.27,72.33,72.48,1459877
72.45,73.11,72.3,73.03,3013834
73.31,73.59,72.55,72.8,2270336
72.88,73.82,72.88,73.08,1957671
73.24,73.25,72.19,72.33,2326699
72.18,72.5,71.32,71.33,2337346
71.4,71.95,70.88,71.13,3145830
71.39,71.77,70.55,70.96,2568519
70.92,71.1,69.96,70.09,2265356
70.45,70.6,70.01,70.4,1781760
70.51,70.51,69.88,70.03,1880610
70.02,70.15,67.05,67.16,3883030
66.69,68.96,66.54,68.82,3153073
68.21,69.05,67.86,68.41,4196001
68.21,69.16,67.44,68.49,4325816
68.51,69.5,68.13,69.29,3281501
69.07,69.12,68.12,68.69,3271078
68.99,69.38,67.95,68.34,1795108
68.91,70.99,68.66,69.94,11410295
69.8,70.34,69.24,70.14,15921371
70.54,70.73,69.51,69.75,17562130
69.36,69.44,68.1,68.44,11920833
69.2,69.23,67.01,67.15,5063835
67.2,67.92,66.96,67.05,4869165
67.04,67.44,66.7,67.38,4599161
67.21,68.09,66.98,67.1,3182593
67.4,67.74,66.95,67.33,6088174
67.34,67.78,67.29,67.45,2599447
67.33,67.44,66.88,67.11,2749182
67.21,67.69,67.12,67.47,2556207
67.35,67.64,66.84,67.51,2265375
67.49,67.85,66.74,67.14,2879741
67.55,68.06,67.37,67.39,1979212
67.12,67.46,66.16,66.61,6718126
66.6,67.07,66.43,66.91,2186103
66.34,67.34,66.06,67.27,3456877
67.43,67.87,67.01,67.45,2654825
67.35,67.76,66.84,66.92,1631804
67.72,68.07,67.23,67.83,3016822
67.95,68.25,67.74,67.96,1631920
67.75,67.85,66.79,67.4,2068535
67.06,67.51,66.59,67.14,1855365
67.75,68.47,67.36,67.38,2610333
67.36,67.51,67.0,67.21,2038199
66.48,66.99,65.91,66.69,3820806
66.7,66.96,66.21,66.92,2307480
66.98,67.88,66.69,67.44,1992970
67.72,68.96,67.72,68.7,2697757
68.68,69.0,67.74,68.32,3147206
68.4,69.27,68.02,68.4,2920162
68.58,69.4,68.4,69.24,3204001
68.68,70.6,68.68,69.61,4147469
70.66,71.18,70.28,71.1,3578114
70.0,73.64,69.04,73.02,7883410
71.16,74.28,71.0,74.08,5023477
74.52,75.09,73.22,73.42,5273772
73.15,73.86,72.75,73.39,2986783
73.5,77.81,73.46,77.24,7313004
77.0,77.85,76.74,77.71,3863390
77.39,78.18,77.28,77.57,2747674
77.51,78.03,77.23,77.47,2295150
77.42,77.64,77.04,77.14,1647256
77.04,77.82,76.88,77.29,2605628
77.38,77.98,77.16,77.85,2706277
77.6,78.12,77.33,78.08,1817793
78.1,78.9,77.26,78.52,1059567
77.55,78.52,77.03,78.07,3418691
78.09,79.58,78.09,79.11,3428458
79.07,79.38,78.03,78.78,3540334
78.47,80.29,78.47,79.82,4127057
79.18,80.27,78.79,79.2,2769256
80.51,81.25,80.04,81.0,3507974
81.0,82.1,80.67,82.08,2907256
82.12,84.27,81.86,83.92,3964702
84.08,84.59,83.14,83.49,4059350
83.98,83.98,83.07,83.55,2386292
83.43,83.98,82.76,83.91,2086086
84.0,84.96,83.86,84.4,2501759
84.55,85.05,83.76,83.94,2011967
84.43,85.35,83.92,84.33,3305853
84.89,86.15,84.3,86.05,9997190
85.75,86.0,84.71,84.86,3139154
85.27,85.77,84.81,85.1,2637570
85.07,85.45,84.75,84.85,1818333
84.97,85.0,83.33,83.73,2575115
83.73,84.17,83.6,84.09,2316857
84.5,84.69,83.95,84.14,1374255
84.41,84.5,83.3,83.36,1557688
83.57,83.74,83.11,83.32,1590762
83.48,83.61,82.54,82.68,2403317
83.35,83.85,81.71,82.5,3277092
82.74,83.4,82.25,82.34,4016215
82.07,83.07,81.66,81.78,2828243
81.79,83.02,81.32,82.3,2306221
82.05,82.7,81.6,82.25,2643139
82.09,82.42,81.66,81.93,2167964
82.28,83.42,81.8,82.84,2888140
82.69,82.76,81.04,81.89,2281641
81.93,82.65,81.93,82.64,1671459
82.57,82.9,82.21,82.38,2113874
82.41,83.1,82.07,83.0,1467468
83.72,85.29,83.72,84.53,3465151
84.87,85.76,84.16,84.38,2449777
84.15,84.53,83.82,84.37,1451988
84.35,84.97,84.02,84.51,1455829
84.79,85.7,84.24,85.61,2094732
85.79,86.24,85.54,85.84,2148312
85.97,86.32,85.53,86.08,1693432
85.83,85.83,84.58,85.26,2251945
85.24,85.24,84.36,84.6,2461976
84.49,85.21,84.27,84.64,2241740
84.4,84.81,83.81,84.5,1803821
84.77,85.52,84.77,85.45,1386686
85.46,85.73,85.2,85.65,1224274
85.56,86.34,85.55,85.81,1547704
85.72,86.48,85.37,86.36,1869495
86.86,86.97,86.26,86.79,2460783
86.99,86.99,86.44,86.45,1866767
86.84,87.42,86.58,87.38,1504163
87.31,87.91,87.06,87.89,2366781
87.57,89.46,87.27,89.46,3447087
89.1,91.07,88.5,89.44,3415883
89.28,89.66,87.24,89.36,5275189
88.54,88.88,87.74,87.99,3637138
87.7,88.03,87.61,87.68,1986798
87.82,87.99,86.96,87.0,2013454
87.03,87.59,86.8,87.08,2521731
86.97,87.65,86.75,87.45,1885192
87.31,87.75,86.89,86.99,2587163
87.5,88.93,87.38,88.49,2589460
88.2,88.22,87.22,87.52,2968450
87.34,87.69,86.42,86.79,2061637
86.58,87.03,86.06,86.72,2106979
86.66,86.84,85.93,86.15,1909110
85.95,86.71,85.63,86.39,2709189
86.44,87.11,86.05,86.31,1906347
86.98,87.02,86.03,86.62,2187416
86.59,87.08,86.42,87.03,2236158
86.86,86.86,86.25,86.27,2058875
86.68,88.09,86.67,87.82,2012080
87.82,88.5,87.35,88.06,1846420
88.39,88.49,87.89,88.33,3015187
88.34,89.23,88.31,88.68,2198055
90.02,91.57,88.67,89.1,5486131
89.27,92.26,89.05,92.14,4540146
92.14,93.69,92.08,93.14,4658424
93.5,93.86,93.25,93.5,2274870
92.99,93.53,92.45,93.17,2151673
93.17,94.99,93.0,94.49,2256913
94.01,94.7,93.86,94.59,1663239
94.4,95.42,94.4,94.64,2078584
94.6,94.98,93.99,94.18,2269717
94.28,94.53,92.08,92.75,3635615
92.67,92.99,91.92,92.47,3098026
92.8,93.22,91.55,91.96,2686769
91.9,92.15,91.07,91.77,2516244
91.73,91.73,90.25,91.21,2954694
91.04,91.72,90.66,91.06,2152901
91.16,91.59,90.79,91.4,2732256
91.98,92.0,90.88,91.75,3416608
91.7,92.12,91.32,91.55,2244914
91.91,91.98,91.6,91.95,1283993
91.59,92.25,90.0,92.02,3102398
92.09,92.42,91.18,91.49,2025848
91.96,92.98,90.67,92.77,2792852
92.77,92.95,92.24,92.47,2521386
93.65,93.9,93.15,93.52,2085013
93.99,94.77,93.75,94.57,1637835
94.56,96.82,94.36,96.3,3614491
96.32,96.43,95.42,95.74,3655294
95.91,96.02,93.7,94.42,2859976
94.72,96.06,94.46,95.58,1676123
95.92,97.17,95.74,97.1,2483021
97.2,97.31,96.56,96.99,2387155
97.19,97.38,96.67,96.88,2571053
97.22,97.22,96.74,97.05,3038497
97.09,97.55,95.89,96.37,3955061
101.2,103.22,99.35,102.5,6721578
102.34,103.43,101.71,103.24,2611129
103.08,103.62,102.57,102.82,1622696
102.77,103.1,102.05,102.45,1958021
102.4,104.34,102.25,104.06,2416747
104.51,104.52,103.43,103.99,2406077
103.07,103.1,102.06,102.11,1944119
102.13,103.71,101.74,102.53,3512895
102.57,103.25,102.37,102.82,1977317
102.93,104.33,102.69,104.22,2016397
104.12,105.53,103.88,105.49,2867818
105.95,106.1,105.51,105.88,1655647
106.0,107.45,106.0,106.53,5163088
106.69,107.5,106.55,106.9,1794734
106.65,107.24,106.41,106.74,2129136
107.01,107.68,106.39,107.65,3013585
108.0,108.99,107.65,108.68,1778314
108.89,110.51,108.76,110.06,2886773
110.1,110.35,107.8,108.19,2194144
107.32,107.51,104.92,104.99,4531572
105.5,105.6,103.12,105.12,4503604
104.56,105.17,102.4,105.08,3320763
104.98,105.46,101.86,102.42,3629714
101.79,102.49,100.77,102.07,5035449
102.55,103.89,102.25,103.88,2978439
104.38,104.91,102.86,103.91,2316116
103.35,104.82,102.54,104.74,1559970
104.41,105.31,103.97,104.5,3960268
105.01,106.31,104.64,105.93,1636875
105.43,105.88,104.16,104.19,1641503
104.32,104.75,103.67,104.13,1441375
104.09,104.4,103.39,103.89,1516790
103.81,104.45,103.32,104.06,6252434
104.07,105.15,103.51,103.93,2114452
103.53,103.56,100.89,101.03,2719033
101.0,102.51,100.47,101.98,2059229
102.16,102.34,99.08,100.21,3052900
101.18,101.22,100.28,100.31,2837436
100.61,101.0,99.92,100.11,1230937
100.3,101.56,100.05,101.17,2290927
100.45,100.75,99.38,99.65,1984415
99.7,100.74,99.43,100.35,2469761
100.23,100.89,99.56,100.71,1524048
100.33,100.95,99.83,100.73,1793814
101.65,102.05,100.68,100.8,1776851
101.0,101.24,100.46,100.7,1396413
100.81,101.37,100.17,100.99,1323909
100.89,101.95,100.61,101.35,1232325
100.98,102.31,100.64,102.0,1367371
101.88,102.61,101.45,102.24,1056901
102.19,102.93,101.91,102.4,1622432
102.05,103.06,102.02,102.85,1363918
103.03,103.12,102.61,102.71,1506825
103.15,103.32,102.64,103.06,1526849
103.39,104.84,102.47,103.04,2606163
103.48,104.41,102.98,104.06,2066415
103.64,104.61,103.27,103.34,2005157
103.75,104.97,103.57,104.19,1262836
104.8,105.55,104.61,105.13,1299592
104.38,104.74,102.05,103.49,2182793
103.62,105.19,103.45,103.66,2250594
104.07,105.05,103.65,105.02,3068939
107.0,107.63,105.7,106.17,4861601
100.95,104.76,100.53,103.95,4618003
103.1,103.2,101.21,101.35,2779133
100.96,101.0,99.2,99.52,3912842
99.5,100.16,98.86,99.4,2154708
100.19,100.45,99.67,100.07,2578263
100.32,101.04,99.93,100.4,1603427
100.6,100.85,99.69,100.3,1906949
